Period,Payment Date,Org Total Payment,Total Payment,Interest,Principal,Additional Payment,Org Ending Balance,Ending Balance
1,2015-05-01,915.99,1265.99,649.69,266.3,350.0,188733.7,188383.7
2,2015-06-01,915.9879944212272,4377.987994421227,648.7720937500001,267.21590067122713,3462.0,188466.48409932878,184654.48409932878
3,2015-07-01,915.9879944212272,4377.987994421227,647.8535390914427,268.1344553297845,3462.0,188198.34964399898,180924.34964399898
4,2015-08-01,915.9879944212272,4377.987994421227,646.9318269012466,269.0561675199806,3462.0,187929.293476479,177193.293476479
5,2015-09-01,915.9879944212272,4377.987994421227,646.0069463253966,269.9810480958306,3462.0,187659.3124283832,173461.3124283832
6,2015-10-01,915.9879944212272,4377.987994421227,645.0788864725672,270.90910794866,3462.0,187388.40332043453,169728.40332043453
7,2015-11-01,915.9879944212272,4377.987994421227,644.1476364139937,271.8403580072335,3462.0,187116.5629624273,165994.5629624273
8,2015-12-01,915.9879944212272,4377.987994421227,643.2131851833439,272.77480923788335,3462.0,186843.7881531894,162259.7881531894
9,2016-01-01,915.9879944212272,4377.987994421227,642.2755217765886,273.71247264463864,3462.0,186570.07568054477,158524.07568054477
10,2016-02-01,915.9879944212272,4377.987994421227,641.3346351518727,274.6533592693545,3462.0,186295.42232127543,154787.42232127543
11,2016-03-01,915.9879944212272,4377.987994421227,640.3905142293844,275.5974801918428,3462.0,186019.82484108358,151049.82484108358
12,2016-04-01,915.9879944212272,4377.987994421227,639.4431478912248,276.54484653000236,3462.0,185743.27999455357,147311.27999455357
13,2016-05-01,915.9879944212272,4377.987994421227,638.4925249812779,277.49546943994926,3462.0,185465.78452511362,143571.78452511362
14,2016-06-01,915.9879944212272,4377.987994421227,637.5386343050781,278.44936011614914,3462.0,185187.33516499746,139831.33516499746
15,2016-07-01,915.9879944212272,4377.987994421227,636.5814646296789,279.40652979154834,3462.0,184907.92863520593,136089.92863520593
16,2016-08-01,915.9879944212272,4377.987994421227,635.6210046835205,280.3669897377067,3462.0,184627.56164546823,132347.56164546823
17,2016-09-01,915.9879944212272,4377.987994421227,634.6572431562971,281.3307512649301,3462.0,184346.2308942033,128604.2308942033
18,2016-10-01,915.9879944212272,4377.987994421227,633.6901686988239,282.29782572240333,3462.0,184063.9330684809,124859.9330684809
19,2016-11-01,915.9879944212272,4377.987994421227,632.7197699229031,283.2682244983241,3462.0,183780.66484398258,121114.66484398257
20,2016-12-01,915.9879944212272,4377.987994421227,631.7460354011902,284.24195902003703,3462.0,183496.42288496255,117368.42288496252
21,2017-01-01,915.9879944212272,4377.987994421227,630.7689536670588,285.2190407541684,3462.0,183211.2038442084,113621.20384420836
22,2017-02-01,915.9879944212272,4377.987994421227,629.7885132144664,286.19948120676077,3462.0,182925.00436300162,109873.0043630016
23,2017-03-01,915.9879944212272,4377.987994421227,628.8047024978181,287.1832919234091,3462.0,182637.82107107822,106123.82107107819
24,2017-04-01,915.9879944212272,4377.987994421227,627.8175099318314,288.1704844893958,3462.0,182349.65058658883,102373.65058658879
25,2017-05-01,915.9879944212272,4377.987994421227,626.8269238913991,289.16107052982807,3462.0,182060.489516059,98622.48951605897
26,2017-06-01,915.9879944212272,4377.987994421227,625.8329327114528,290.1550617097744,3462.0,181770.3344543492,94870.3344543492
27,2017-07-01,915.9879944212272,4377.987994421227,624.8355246868255,291.15246973440173,3462.0,181479.1819846148,91117.1819846148
28,2017-08-01,915.9879944212272,4377.987994421227,623.8346880721134,292.1533063491138,3462.0,181187.0286782657,87363.02867826569
29,2017-09-01,915.9879944212272,4377.987994421227,622.8304110815383,293.1575833396889,3462.0,180893.871094926,83607.871094926
30,2017-10-01,915.9879944212272,4377.987994421227,621.8226818888081,294.1653125324191,3462.0,180599.70578239358,79851.70578239358
31,2017-11-01,915.9879944212272,4377.987994421227,620.811488626978,295.17650579424924,3462.0,180304.52927659932,76094.52927659932
32,2017-12-01,915.9879944212272,4377.987994421227,619.7968193883102,296.19117503291704,3462.0,180008.3381015664,72336.3381015664
33,2018-01-01,915.9879944212272,4377.987994421227,618.7786622241346,297.20933219709264,3462.0,179711.1287693693,68577.12876936932
34,2018-02-01,915.9879944212272,4377.987994421227,617.757005144707,298.2309892765202,3462.0,179412.89778009278,64816.8977800928
35,2018-03-01,915.9879944212272,4377.987994421227,616.731836119069,299.25615830215816,3462.0,179113.64162179062,61055.64162179064
36,2018-04-01,915.9879944212272,4377.987994421227,615.7031430749054,300.28485134632183,3462.0,178813.3567704443,57293.35677044431
37,2018-05-01,915.9879944212272,4377.987994421227,614.6709138984023,301.3170805228249,3462.0,178512.03968992148,53530.03968992149
38,2018-06-01,915.9879944212272,4377.987994421227,613.6351364341051,302.3528579871221,3462.0,178209.68683193435,49765.68683193437
39,2018-07-01,915.9879944212272,4377.987994421227,612.5957984847744,303.3921959364528,3462.0,177906.29463599788,46000.29463599792
40,2018-08-01,915.9879944212272,4377.987994421227,611.5528878112427,304.4351066099845,3462.0,177601.8595293879,42233.85952938793
41,2018-09-01,915.9879944212272,4377.987994421227,610.5063921322709,305.4816022889563,3462.0,177296.37792709895,38466.377927098976
42,2018-10-01,915.9879944212272,4377.987994421227,609.4562991244027,306.5316952968245,3462.0,176989.84623180213,34697.84623180215
43,2018-11-01,915.9879944212272,4377.987994421227,608.4025964218198,307.5853979994074,3462.0,176682.26083380272,30928.260833802742
44,2018-12-01,915.9879944212272,4377.987994421227,607.3452716161969,308.6427228050303,3462.0,176373.6181109977,27157.61811099771
45,2019-01-01,915.9879944212272,4377.987994421227,606.2843122565546,309.7036821646726,3462.0,176063.91442883303,23385.91442883304
46,2019-02-01,915.9879944212272,4377.987994421227,605.2197058491136,310.76828857211365,3462.0,175753.1461402609,19613.146140260924
47,2019-03-01,915.9879944212272,4377.987994421227,604.1514398571469,311.8365545640803,3462.0,175441.30958569684,15839.309585696843
48,2019-04-01,915.9879944212272,4377.987994421227,603.0795017008329,312.9084927203943,3462.0,175128.40109297645,12064.401092976448
49,2019-05-01,915.9879944212272,4377.987994421227,602.0038787571066,313.9841156641206,3462.0,174814.41697731233,8288.416977312327
50,2019-06-01,915.9879944212272,4377.987994421227,600.9245583595111,315.06343606171606,3462.0,174499.3535412506,4511.353541250611
51,2019-07-01,915.9879944212272,4377.987994421227,599.841527798049,316.1464666231782,3462.0,174183.20707462743,733.207074627433
52,2019-08-01,915.9879944212272,4377.987994421227,598.7547743190318,317.23322010219545,3462.0,173865.97385452522,0.0
53,2019-09-01,915.9879944212272,4377.987994421227,597.6642851249304,318.3237092962968,3462.0,173547.65014522892,0.0
54,2019-10-01,915.9879944212272,4377.987994421227,596.5700473742245,319.4179470470027,3462.0,173228.2321981819,0.0
55,2019-11-01,915.9879944212272,4377.987994421227,595.4720481812503,320.51594623997687,3462.0,172907.71625194192,0.0
56,2019-12-01,915.9879944212272,4377.987994421227,594.3702746160503,321.6177198051769,3462.0,172586.09853213673,0.0
57,2020-01-01,915.9879944212272,4377.987994421227,593.2647137042201,322.7232807170071,3462.0,172263.37525141973,0.0
58,2020-02-01,915.9879944212272,4377.987994421227,592.1553524267554,323.8326419944718,3462.0,171939.54260942526,0.0
59,2020-03-01,915.9879944212272,4377.987994421227,591.0421777198993,324.9458167013279,3462.0,171614.59679272393,0.0
60,2020-04-01,915.9879944212272,4377.987994421227,589.9251764749885,326.06281794623874,3462.0,171288.53397477767,0.0
61,2020-05-01,915.9879944212272,4377.987994421227,588.8043355382982,327.18365888292897,3462.0,170961.35031589476,0.0
62,2020-06-01,915.9879944212272,4377.987994421227,587.6796417108883,328.3083527103389,3462.0,170633.04196318443,0.0
63,2020-07-01,915.9879944212272,4377.987994421227,586.5510817484466,329.43691267278064,3462.0,170303.60505051166,0.0
64,2020-08-01,915.9879944212272,4377.987994421227,585.4186423611338,330.56935206009337,3462.0,169973.03569845157,0.0
65,2020-09-01,915.9879944212272,4377.987994421227,584.2823102134273,331.7056842077999,3462.0,169641.33001424378,0.0
66,2020-10-01,915.9879944212272,4377.987994421227,583.142071923963,332.84592249726416,3462.0,169308.4840917465,0.0
67,2020-11-01,915.9879944212272,4377.987994421227,581.9979140653786,333.9900803558486,3462.0,168974.49401139066,0.0
68,2020-12-01,915.9879944212272,4377.987994421227,580.8498231641554,335.1381712570718,3462.0,168639.3558401336,0.0
69,2021-01-01,915.9879944212272,4377.987994421227,579.6977857004592,336.29020872076796,3462.0,168303.0656314128,0.0
70,2021-02-01,915.9879944212272,4377.987994421227,578.5417881079816,337.4462063132456,3462.0,167965.61942509958,0.0
71,2021-03-01,915.9879944212272,4377.987994421227,577.3818167737799,338.60617764744734,3462.0,167627.01324745212,0.0
72,2021-04-01,915.9879944212272,4377.987994421227,576.2178580381167,339.7701363831105,3462.0,167287.24311106902,0.0
73,2021-05-01,915.9879944212272,4377.987994421227,575.0498981942998,340.9380962269274,3462.0,166946.3050148421,0.0
74,2021-06-01,915.9879944212272,4377.987994421227,573.8779234885197,342.11007093270746,3462.0,166604.1949439094,0.0
75,2021-07-01,915.9879944212272,4377.987994421227,572.7019201196886,343.28607430153863,3462.0,166260.90886960784,0.0
76,2021-08-01,915.9879944212272,4377.987994421227,571.5218742392769,344.46612018195026,3462.0,165916.44274942589,0.0
77,2021-09-01,915.9879944212272,4377.987994421227,570.3377719511515,345.65022247007573,3462.0,165570.7925269558,0.0
78,2021-10-01,915.9879944212272,4377.987994421227,569.1495993114106,346.8383951098166,3462.0,165223.954131846,0.0
79,2021-11-01,915.9879944212272,4377.987994421227,567.9573423282206,348.03065209300655,3462.0,164875.923479753,0.0
80,2021-12-01,915.9879944212272,4377.987994421227,566.7609869616509,349.22700745957627,3462.0,164526.6964722934,0.0
81,2022-01-01,915.9879944212272,4377.987994421227,565.5605191235086,350.4274752977186,3462.0,164176.2689969957,0.0
82,2022-02-01,915.9879944212272,4377.987994421227,564.3559246771728,351.63206974405443,3462.0,163824.63692725165,0.0
83,2022-03-01,915.9879944212272,4377.987994421227,563.1471894374275,352.84080498379967,3462.0,163471.79612226784,0.0
84,2022-04-01,915.9879944212272,4377.987994421227,561.9342991702957,354.05369525093147,3462.0,163117.7424270169,0.0
85,2022-05-01,915.9879944212272,4377.987994421227,560.7172395928707,355.27075482835653,3462.0,162762.47167218855,0.0
86,2022-06-01,915.9879944212272,4377.987994421227,559.4959963731482,356.49199804807904,3462.0,162405.97967414046,0.0
87,2022-07-01,915.9879944212272,4377.987994421227,558.2705551298578,357.7174392913694,3462.0,162048.2622348491,0.0
88,2022-08-01,915.9879944212272,4377.987994421227,557.0409014322938,358.9470929889334,3462.0,161689.31514186016,0.0
89,2022-09-01,915.9879944212272,4377.987994421227,555.8070208001443,360.1809736210829,3462.0,161329.13416823908,0.0
90,2022-10-01,915.9879944212272,4377.987994421227,554.5688987033219,361.4190957179053,3462.0,160967.71507252118,0.0
91,2022-11-01,915.9879944212272,4377.987994421227,553.3265205617917,362.66147385943555,3462.0,160605.05359866176,0.0
92,2022-12-01,915.9879944212272,4377.987994421227,552.0798717453998,363.90812267582737,3462.0,160241.14547598595,0.0
93,2023-01-01,915.9879944212272,4377.987994421227,550.8289375737018,365.15905684752545,3462.0,159875.9864191384,0.0
94,2023-02-01,915.9879944212272,4377.987994421227,549.5737033157883,366.4142911054389,3462.0,159509.57212803297,0.0
95,2023-03-01,915.9879944212272,4377.987994421227,548.3141541901134,367.6738402311138,3462.0,159141.89828780186,0.0
96,2023-04-01,915.9879944212272,4377.987994421227,547.050275364319,368.93771905690824,3462.0,158772.96056874495,0.0
97,2023-05-01,915.9879944212272,4377.987994421227,545.7820519550609,370.20594246616633,3462.0,158402.7546262788,0.0
98,2023-06-01,915.9879944212272,4377.987994421227,544.5094690278333,371.47852539339385,3462.0,158031.2761008854,0.0
99,2023-07-01,915.9879944212272,4377.987994421227,543.2325115967936,372.75548282443356,3462.0,157658.52061806098,0.0
100,2023-08-01,915.9879944212272,4377.987994421227,541.9511646245846,374.03682979664256,3462.0,157284.48378826433,0.0
101,2023-09-01,915.9879944212272,4377.987994421227,540.6654130221586,375.32258139906855,3462.0,156909.16120686528,0.0
102,2023-10-01,915.9879944212272,4377.987994421227,539.3752416485994,376.6127527726278,3462.0,156532.54845409264,0.0
103,2023-11-01,915.9879944212272,4377.987994421227,538.0806353109434,377.9073591102838,3462.0,156154.64109498236,0.0
104,2023-12-01,915.9879944212272,4377.987994421227,536.7815787640019,379.2064156572253,3462.0,155775.43467932515,0.0
105,2024-01-01,915.9879944212272,4377.987994421227,535.4780567101802,380.509937711047,3462.0,155394.9247416141,0.0
106,2024-02-01,915.9879944212272,4377.987994421227,534.1700537992984,381.81794062192876,3462.0,155013.10680099216,0.0
107,2024-03-01,915.9879944212272,4377.987994421227,532.8575546284106,383.13043979281656,3462.0,154629.97636119934,0.0
108,2024-04-01,915.9879944212272,4377.987994421227,531.5405437416227,384.44745067960446,3462.0,154245.52891051973,0.0
109,2024-05-01,915.9879944212272,4377.987994421227,530.2190056299115,385.7689887913157,3462.0,153859.7599217284,0.0
110,2024-06-01,915.9879944212272,4377.987994421227,528.8929247309414,387.09506969028575,3462.0,153472.6648520381,0.0
111,2024-07-01,915.9879944212272,4377.987994421227,527.5622854288811,388.42570899234613,3462.0,153084.23914304576,0.0
112,2024-08-01,915.9879944212272,4377.987994421227,526.2270720542198,389.7609223670074,3462.0,152694.47822067875,0.0
113,2024-09-01,915.9879944212272,4377.987994421227,524.8872688835833,391.10072553764394,3462.0,152303.37749514112,0.0
114,2024-10-01,915.9879944212272,4377.987994421227,523.5428601395475,392.44513428167966,3462.0,151910.93236085944,0.0
115,2024-11-01,915.9879944212272,4377.987994421227,522.1938299904543,393.79416443077287,3462.0,151517.13819642866,0.0
116,2024-12-01,915.9879944212272,4377.987994421227,520.8401625502235,395.14783187100375,3462.0,151121.99036455766,0.0
117,2025-01-01,915.9879944212272,4377.987994421227,519.481841878167,396.50615254306024,3462.0,150725.4842120146,0.0
118,2025-02-01,915.9879944212272,4377.987994421227,518.1188519788002,397.869142442427,3462.0,150327.61506957217,0.0
119,2025-03-01,915.9879944212272,4377.987994421227,516.7511768016544,399.2368176195728,3462.0,149928.3782519526,0.0
120,2025-04-01,915.9879944212272,4377.987994421227,515.3788002410871,400.6091941801401,3462.0,149527.76905777247,0.0
121,2025-05-01,915.9879944212272,4377.987994421227,514.0017061360928,401.9862882851344,3462.0,149125.78276948733,0.0
122,2025-06-01,915.9879944212272,4377.987994421227,512.6198782701127,403.36811615111446,3462.0,148722.41465333622,0.0
123,2025-07-01,915.9879944212272,4377.987994421227,511.2333003708433,404.7546940503839,3462.0,148317.65995928584,0.0
124,2025-08-01,915.9879944212272,4377.987994421227,509.84195611004515,406.14603831118205,3462.0,147911.51392097466,0.0
125,2025-09-01,915.9879944212272,4377.987994421227,508.44582910335043,407.54216531787677,3462.0,147503.9717556568,0.0
126,2025-10-01,915.9879944212272,4377.987994421227,507.0449029100703,408.9430915111569,3462.0,147095.02866414565,0.0
127,2025-11-01,915.9879944212272,4377.987994421227,505.6391610330007,410.3488333882265,3462.0,146684.67983075744,0.0
128,2025-12-01,915.9879944212272,4377.987994421227,504.2285869182287,411.7594075029985,3462.0,146272.92042325443,0.0
129,2026-01-01,915.9879944212272,4377.987994421227,502.8131639549371,413.1748304662901,3462.0,145859.74559278815,0.0
130,2026-02-01,915.9879944212272,4377.987994421227,501.39287547520934,414.59511894601786,3462.0,145445.15047384214,0.0
131,2026-03-01,915.9879944212272,4377.987994421227,499.9677047538324,416.0202896673948,3462.0,145029.13018417475,0.0
132,2026-04-01,915.9879944212272,4377.987994421227,498.5376350081007,417.4503594131265,3462.0,144611.6798247616,0.0
133,2026-05-01,915.9879944212272,4377.987994421227,497.10264939761805,418.88534502360915,3462.0,144192.794479738,0.0
134,2026-06-01,915.9879944212272,4377.987994421227,495.6627310240994,420.3252633971278,3462.0,143772.46921634086,0.0
135,2026-07-01,915.9879944212272,4377.987994421227,494.21786293117174,421.77013149005546,3462.0,143350.6990848508,0.0
136,2026-08-01,915.9879944212272,4377.987994421227,492.7680281041747,423.2199663170525,3462.0,142927.47911853375,0.0
137,2026-09-01,915.9879944212272,4377.987994421227,491.31320946995976,424.67478495126744,3462.0,142502.8043335825,0.0
138,2026-10-01,915.9879944212272,4377.987994421227,489.8533898966898,426.1346045245374,3462.0,142076.66972905796,0.0
139,2026-11-01,915.9879944212272,4377.987994421227,488.38855219363677,427.59944222759043,3462.0,141649.07028683036,0.0
140,2026-12-01,915.9879944212272,4377.987994421227,486.9186791109794,429.0693153102478,3462.0,141220.00097152012,0.0
141,2027-01-01,915.9879944212272,4377.987994421227,485.4437533396004,430.5442410816268,3462.0,140789.45673043848,0.0
142,2027-02-01,915.9879944212272,4377.987994421227,483.9637575108823,432.0242369103449,3462.0,140357.43249352815,0.0
143,2027-03-01,915.9879944212272,4377.987994421227,482.47867419650305,433.50932022472415,3462.0,139923.92317330342,0.0
144,2027-04-01,915.9879944212272,4377.987994421227,480.98848590823053,434.99950851299667,3462.0,139488.92366479043,0.0
145,2027-05-01,915.9879944212272,4377.987994421227,479.49317509771714,436.49481932351006,3462.0,139052.42884546693,0.0
146,2027-06-01,915.9879944212272,4377.987994421227,477.9927241562926,437.9952702649346,3462.0,138614.43357520198,0.0
147,2027-07-01,915.9879944212272,4377.987994421227,476.48711541475683,439.50087900647037,3462.0,138174.93269619552,0.0
148,2027-08-01,915.9879944212272,4377.987994421227,474.9763311431721,441.0116632780551,3462.0,137733.92103291748,0.0
149,2027-09-01,915.9879944212272,4377.987994421227,473.4603535506539,442.5276408705733,3462.0,137291.3933920469,0.0
150,2027-10-01,915.9879944212272,4377.987994421227,471.93916478516127,444.04882963606593,3462.0,136847.34456241084,0.0
151,2027-11-01,915.9879944212272,4377.987994421227,470.4127469332873,445.5752474879399,3462.0,136401.76931492292,0.0
152,2027-12-01,915.9879944212272,4377.987994421227,468.8810820200476,447.1069124011796,3462.0,135954.66240252173,0.0
153,2028-01-01,915.9879944212272,4377.987994421227,467.34415200866846,448.64384241255874,3462.0,135506.01856010917,0.0
154,2028-02-01,915.9879944212272,4377.987994421227,465.80193880037524,450.18605562085196,3462.0,135055.83250448832,0.0
155,2028-03-01,915.9879944212272,4377.987994421227,464.25442423417866,451.73357018704854,3462.0,134604.09893430126,0.0
156,2028-04-01,915.9879944212272,4377.987994421227,462.70159008666064,453.28640433456656,3462.0,134150.8125299667,0.0
157,2028-05-01,915.9879944212272,4377.987994421227,461.14341807176055,454.84457634946665,3462.0,133695.96795361725,0.0
158,2028-06-01,915.9879944212272,4377.987994421227,459.57988984055936,456.40810458066784,3462.0,133239.55984903657,0.0
159,2028-07-01,915.9879944212272,4377.987994421227,458.01098698106324,457.97700744016396,3462.0,132781.5828415964,0.0
160,2028-08-01,915.9879944212272,4377.987994421227,456.43669101798764,459.55130340323956,3462.0,132322.03153819314,0.0
161,2028-09-01,915.9879944212272,4377.987994421227,454.85698341253897,461.13101100868823,3462.0,131860.90052718445,0.0
162,2028-10-01,915.9879944212272,4377.987994421227,453.2718455621966,462.7161488590306,3462.0,131398.18437832542,0.0
163,2028-11-01,915.9879944212272,4377.987994421227,451.68125880049365,464.30673562073355,3462.0,130933.87764270468,0.0
164,2028-12-01,915.9879944212272,4377.987994421227,450.08520439679734,465.90279002442986,3462.0,130467.97485268026,0.0
165,2029-01-01,915.9879944212272,4377.987994421227,448.4836635560884,467.5043308651388,3462.0,130000.47052181512,0.0
166,2029-02-01,915.9879944212272,4377.987994421227,446.8766174187395,469.1113770024877,3462.0,129531.35914481264,0.0
167,2029-03-01,915.9879944212272,4377.987994421227,445.2640470602935,470.7239473609337,3462.0,129060.6351974517,0.0
168,2029-04-01,915.9879944212272,4377.987994421227,443.6459334912402,472.342060929987,3462.0,128588.29313652171,0.0
169,2029-05-01,915.9879944212272,4377.987994421227,442.02225765679344,473.96573676443376,3462.0,128114.32739975727,0.0
170,2029-06-01,915.9879944212272,4377.987994421227,440.39300043666566,475.59499398456154,3462.0,127638.73240577271,0.0
171,2029-07-01,915.9879944212272,4377.987994421227,438.7581426448437,477.2298517763835,3462.0,127161.50255399632,0.0
172,2029-08-01,915.9879944212272,4377.987994421227,437.1176650293624,478.8703293918648,3462.0,126682.63222460446,0.0
173,2029-09-01,915.9879944212272,4377.987994421227,435.4715482720778,480.5164461491494,3462.0,126202.1157784553,0.0
174,2029-10-01,915.9879944212272,4377.987994421227,433.8197729884401,482.1682214327871,3462.0,125719.94755702252,0.0
175,2029-11-01,915.9879944212272,4377.987994421227,432.16231972726496,483.82567469396224,3462.0,125236.12188232856,0.0
176,2029-12-01,915.9879944212272,4377.987994421227,430.4991689705044,485.4888254507228,3462.0,124750.63305687784,0.0
177,2030-01-01,915.9879944212272,4377.987994421227,428.8303011330176,487.1576932882096,3462.0,124263.47536358962,0.0
178,2030-02-01,915.9879944212272,4377.987994421227,427.1556965623393,488.8322978588879,3462.0,123774.64306573074,0.0
179,2030-03-01,915.9879944212272,4377.987994421227,425.47533553844943,490.51265888277777,3462.0,123284.13040684795,0.0
180,2030-04-01,915.9879944212272,4377.987994421227,423.78919827353985,492.19879614768735,3462.0,122791.93161070027,0.0
181,2030-05-01,915.9879944212272,4377.987994421227,422.09726491178213,493.89072950944507,3462.0,122298.04088119083,0.0
182,2030-06-01,915.9879944212272,4377.987994421227,420.39951552909343,495.58847889213376,3462.0,121802.45240229869,0.0
183,2030-07-01,915.9879944212272,4377.987994421227,418.69593013290176,497.29206428832543,3462.0,121305.16033801036,0.0
184,2030-08-01,915.9879944212272,4377.987994421227,416.98648866191064,499.00150575931656,3462.0,120806.15883225105,0.0
185,2030-09-01,915.9879944212272,4377.987994421227,415.27117098586297,500.71682343536423,3462.0,120305.44200881569,0.0
186,2030-10-01,915.9879944212272,4377.987994421227,413.549956905304,502.4380375159232,3462.0,119803.00397129977,0.0
187,2030-11-01,915.9879944212272,4377.987994421227,411.82282615134295,504.16516826988425,3462.0,119298.83880302988,0.0
188,2030-12-01,915.9879944212272,4377.987994421227,410.0897583854152,505.898236035812,3462.0,118792.94056699408,0.0
189,2031-01-01,915.9879944212272,4377.987994421227,408.35073319904217,507.63726122218503,3462.0,118285.30330577189,0.0
190,2031-02-01,915.9879944212272,4377.987994421227,406.6057301135909,509.3822643076363,3462.0,117775.92104146424,0.0
191,2031-03-01,915.9879944212272,4377.987994421227,404.8547285800334,511.1332658411938,3462.0,117264.78777562304,0.0
192,2031-04-01,915.9879944212272,4377.987994421227,403.09770797870425,512.8902864425229,3462.0,116751.89748918053,0.0
193,2031-05-01,915.9879944212272,4377.987994421227,401.3346476190581,514.6533468021692,3462.0,116237.24414237836,0.0
194,2031-06-01,915.9879944212272,4377.987994421227,399.56552673942565,516.4224676818015,3462.0,115720.82167469656,0.0
195,2031-07-01,915.9879944212272,4377.987994421227,397.7903245067694,518.1976699144577,3462.0,115202.6240047821,0.0
196,2031-08-01,915.9879944212272,4377.987994421227,396.00902001643846,519.9789744047887,3462.0,114682.64503037732,0.0
197,2031-09-01,915.9879944212272,4377.987994421227,394.22159229192204,521.7664021293051,3462.0,114160.87862824801,0.0
198,2031-10-01,915.9879944212272,4377.987994421227,392.42802028460255,523.5599741366246,3462.0,113637.31865411138,0.0
199,2031-11-01,915.9879944212272,4377.987994421227,390.6282828735079,525.3597115477194,3462.0,113111.95894256367,0.0
200,2031-12-01,915.9879944212272,4377.987994421227,388.8223588650626,527.1656355561646,3462.0,112584.7933070075,0.0
201,2032-01-01,915.9879944212272,4377.987994421227,387.0102269928382,528.9777674283889,3462.0,112055.81553957911,0.0
202,2032-02-01,915.9879944212272,4377.987994421227,385.1918659173032,530.796128503924,3462.0,111525.01941107519,0.0
203,2032-03-01,915.9879944212272,4377.987994421227,383.367254225571,532.6207401956563,3462.0,110992.39867087954,0.0
204,2032-04-01,915.9879944212272,4377.987994421227,381.53637043114844,534.4516239900788,3462.0,110457.94704688946,0.0
205,2032-05-01,915.9879944212272,4377.987994421227,379.69919297368256,536.2888014475446,3462.0,109921.65824544191,0.0
206,2032-06-01,915.9879944212272,4377.987994421227,377.85570021870655,538.1322942025206,3462.0,109383.5259512394,0.0
207,2032-07-01,915.9879944212272,4377.987994421227,376.00587045738547,539.9821239638418,3462.0,108843.54382727556,0.0
208,2032-08-01,915.9879944212272,4377.987994421227,374.14968190625973,541.8383125149675,3462.0,108301.70551476059,0.0
209,2032-09-01,915.9879944212272,4377.987994421227,372.28711270698955,543.7008817142377,3462.0,107758.00463304635,0.0
210,2032-10-01,915.9879944212272,4377.987994421227,370.41814092609684,545.5698534951304,3462.0,107212.43477955121,0.0
211,2032-11-01,915.9879944212272,4377.987994421227,368.5427445547073,547.4452498665198,3462.0,106664.9895296847,0.0
212,2032-12-01,915.9879944212272,4377.987994421227,366.66090150829115,549.327092912936,3462.0,106115.66243677176,0.0
213,2033-01-01,915.9879944212272,4377.987994421227,364.772589626403,551.2154047948243,3462.0,105564.44703197693,0.0
214,2033-02-01,915.9879944212272,4377.987994421227,362.87778667242077,553.1102077488065,3462.0,105011.33682422813,0.0
215,2033-03-01,915.9879944212272,4377.987994421227,360.9764703332842,555.0115240879429,3462.0,104456.32530014019,0.0
216,2033-04-01,915.9879944212272,4377.987994421227,359.0686182192319,556.9193762019953,3462.0,103899.40592393819,0.0
217,2033-05-01,915.9879944212272,4377.987994421227,357.1542078635375,558.8337865576897,3462.0,103340.5721373805,0.0
218,2033-06-01,915.9879944212272,4377.987994421227,355.2332167222455,560.7547776989817,3462.0,102779.81735968152,0.0
219,2033-07-01,915.9879944212272,4377.987994421227,353.30562217390525,562.682372247322,3462.0,102217.1349874342,0.0
220,2033-08-01,915.9879944212272,4377.987994421227,351.37140151930504,564.6165929019221,3462.0,101652.51839453228,0.0
221,2033-09-01,915.9879944212272,4377.987994421227,349.4305319812047,566.5574624400225,3462.0,101085.96093209226,0.0
222,2033-10-01,915.9879944212272,4377.987994421227,347.48299070406716,568.50500371716,3462.0,100517.4559283751,0.0
223,2033-11-01,915.9879944212272,4377.987994421227,345.5287547537894,570.4592396674377,3462.0,99946.99668870766,0.0
224,2033-12-01,915.9879944212272,4377.987994421227,343.56780111743257,572.4201933037946,3462.0,99374.57649540386,0.0
225,2034-01-01,915.9879944212272,4377.987994421227,341.60010670295077,574.3878877182765,3462.0,98800.18860768559,0.0
226,2034-02-01,915.9879944212272,4377.987994421227,339.62564833891923,576.362346082308,3462.0,98223.82626160327,0.0
227,2034-03-01,915.9879944212272,4377.987994421227,337.64440277426127,578.3435916469659,3462.0,97645.48266995631,0.0
228,2034-04-01,915.9879944212272,4377.987994421227,335.65634667797485,580.3316477432523,3462.0,97065.15102221306,0.0
229,2034-05-01,915.9879944212272,4377.987994421227,333.6614566388574,582.3265377823698,3462.0,96482.82448443069,0.0
230,2034-06-01,915.9879944212272,4377.987994421227,331.6597091652305,584.3282852559967,3462.0,95898.4961991747,0.0
231,2034-07-01,915.9879944212272,4377.987994421227,329.65108068466304,586.3369137365642,3462.0,95312.15928543813,0.0
232,2034-08-01,915.9879944212272,4377.987994421227,327.6355475436936,588.3524468775336,3462.0,94723.8068385606,0.0
233,2034-09-01,915.9879944212272,4377.987994421227,325.6130860075521,590.374908413675,3462.0,94133.43193014692,0.0
234,2034-10-01,915.9879944212272,4377.987994421227,323.5836722598801,592.4043221613472,3462.0,93541.02760798557,0.0
235,2034-11-01,915.9879944212272,4377.987994421227,321.54728240245043,594.4407120187768,3462.0,92946.58689596679,0.0
236,2034-12-01,915.9879944212272,4377.987994421227,319.50389245488583,596.4841019663413,3462.0,92350.10279400044,0.0
237,2035-01-01,915.9879944212272,4377.987994421227,317.4534783543765,598.5345160668508,3462.0,91751.56827793359,0.0
238,2035-02-01,915.9879944212272,4377.987994421227,315.39601595539676,600.5919784658304,3462.0,91150.97629946776,0.0
239,2035-03-01,915.9879944212272,4377.987994421227,313.33148102942044,602.6565133918068,3462.0,90548.31978607595,0.0
240,2035-04-01,915.9879944212272,4377.987994421227,311.2598492646361,604.7281451565912,3462.0,89943.59164091936,0.0
241,2035-05-01,915.9879944212272,4377.987994421227,309.1810962656603,606.8068981555668,3462.0,89336.78474276379,0.0
242,2035-06-01,915.9879944212272,4377.987994421227,307.09519755325056,608.8927968679766,3462.0,88727.89194589581,0.0
243,2035-07-01,915.9879944212272,4377.987994421227,305.00212856401686,610.9858658572103,3462.0,88116.9060800386,0.0
244,2035-08-01,915.9879944212272,4377.987994421227,302.9018646501327,613.0861297710944,3462.0,87503.81995026751,0.0
245,2035-09-01,915.9879944212272,4377.987994421227,300.79438107904457,615.1936133421826,3462.0,86888.62633692533,0.0
246,2035-10-01,915.9879944212272,4377.987994421227,298.67965303318084,617.3083413880463,3462.0,86271.31799553728,0.0
247,2035-11-01,915.9879944212272,4377.987994421227,296.55765560965943,619.4303388115677,3462.0,85651.88765672571,0.0
248,2035-12-01,915.9879944212272,4377.987994421227,294.4283638199947,621.5596306012326,3462.0,85030.32802612448,0.0
249,2036-01-01,915.9879944212272,4377.987994421227,292.2917525898029,623.6962418314242,3462.0,84406.63178429306,0.0
250,2036-02-01,915.9879944212272,4377.987994421227,290.1477967585074,625.8401976627198,3462.0,83780.79158663034,0.0
251,2036-03-01,915.9879944212272,4377.987994421227,287.9964710790418,627.9915233421855,3462.0,83152.80006328814,0.0
252,2036-04-01,915.9879944212272,4377.987994421227,285.83775021755304,630.1502442036742,3462.0,82522.64981908447,0.0
253,2036-05-01,915.9879944212272,4377.987994421227,283.6716087531029,632.3163856681243,3462.0,81890.33343341635,0.0
254,2036-06-01,915.9879944212272,4377.987994421227,281.49802117736874,634.4899732438585,3462.0,81255.84346017249,0.0
255,2036-07-01,915.9879944212272,4377.987994421227,279.3169618943429,636.6710325268843,3462.0,80619.17242764561,0.0
256,2036-08-01,915.9879944212272,4377.987994421227,277.12840522003177,638.8595892011954,3462.0,79980.31283844441,0.0
257,2036-09-01,915.9879944212272,4377.987994421227,274.93232538215267,641.0556690390745,3462.0,79339.25716940533,0.0
258,2036-10-01,915.9879944212272,4377.987994421227,272.72869651983086,643.2592979013964,3462.0,78695.99787150393,0.0
259,2036-11-01,915.9879944212272,4377.987994421227,270.5174926832948,645.4705017379324,3462.0,78050.527369766,0.0
260,2036-12-01,915.9879944212272,4377.987994421227,268.2986878335706,647.6893065876566,3462.0,77402.83806317835,0.0
261,2037-01-01,915.9879944212272,4377.987994421227,266.0722558421756,649.9157385790515,3462.0,76752.9223245993,0.0
262,2037-02-01,915.9879944212272,4377.987994421227,263.8381704908101,652.1498239304171,3462.0,76100.77250066889,0.0
263,2037-03-01,915.9879944212272,4377.987994421227,261.5964054710493,654.391588950178,3462.0,75446.3809117187,0.0
264,2037-04-01,915.9879944212272,4377.987994421227,259.3469343840331,656.6410600371942,3462.0,74789.73985168152,0.0
265,2037-05-01,915.9879944212272,4377.987994421227,257.08973074015523,658.898263681072,3462.0,74130.84158800045,0.0
266,2037-06-01,915.9879944212272,4377.987994421227,254.82476795875155,661.1632264624757,3462.0,73469.67836153797,0.0
267,2037-07-01,915.9879944212272,4377.987994421227,252.55201936778678,663.4359750534404,3462.0,72806.24238648453,0.0
268,2037-08-01,915.9879944212272,4377.987994421227,250.27145820354062,665.7165362176866,3462.0,72140.52585026684,0.0
269,2037-09-01,915.9879944212272,4377.987994421227,247.98305761029226,668.004936810935,3462.0,71472.52091345591,0.0
270,2037-10-01,915.9879944212272,4377.987994421227,245.68679064000472,670.3012037812225,3462.0,70802.21970967468,0.0
271,2037-11-01,915.9879944212272,4377.987994421227,243.38263025200672,672.6053641692205,3462.0,70129.61434550546,0.0
272,2037-12-01,915.9879944212272,4377.987994421227,241.070549312675,674.9174451085522,3462.0,69454.6969003969,0.0
273,2038-01-01,915.9879944212272,4377.987994421227,238.75052059511435,677.2374738261128,3462.0,68777.45942657079,0.0
274,2038-02-01,915.9879944212272,4377.987994421227,236.4225167788371,679.5654776423901,3462.0,68097.8939489284,0.0
275,2038-03-01,915.9879944212272,4377.987994421227,234.08651044944136,681.9014839717859,3462.0,67415.99246495661,0.0
276,2038-04-01,915.9879944212272,4377.987994421227,231.74247409828834,684.2455203229389,3462.0,66731.74694463368,0.0
277,2038-05-01,915.9879944212272,4377.987994421227,229.39038012217827,686.5976142990489,3462.0,66045.14933033462,0.0
278,2038-06-01,915.9879944212272,4377.987994421227,227.0302008230253,688.9577935982019,3462.0,65356.19153673642,0.0
279,2038-07-01,915.9879944212272,4377.987994421227,224.66190840753146,691.3260860136958,3462.0,64664.865450722726,0.0
280,2038-08-01,915.9879944212272,4377.987994421227,222.28547498685938,693.7025194343678,3462.0,63971.16293128836,0.0
281,2038-09-01,915.9879944212272,4377.987994421227,219.90087257630375,696.0871218449234,3462.0,63275.075809443435,0.0
282,2038-10-01,915.9879944212272,4377.987994421227,217.50807309496182,698.4799213262654,3462.0,62576.59588811717,0.0
283,2038-11-01,915.9879944212272,4377.987994421227,215.10704836540276,700.8809460558244,3462.0,61875.71494206134,0.0
284,2038-12-01,915.9879944212272,4377.987994421227,212.69777011333588,703.2902243078913,3462.0,61172.42471775345,0.0
285,2039-01-01,915.9879944212272,4377.987994421227,210.2802099672775,705.7077844539497,3462.0,60466.716933299496,0.0
286,2039-02-01,915.9879944212272,4377.987994421227,207.85433945821703,708.1336549630101,3462.0,59758.58327833649,0.0
287,2039-03-01,915.9879944212272,4377.987994421227,205.4201300192817,710.5678644019455,3462.0,59048.01541393455,0.0
288,2039-04-01,915.9879944212272,4377.987994421227,202.97755298540002,713.0104414358271,3462.0,58335.00497249872,0.0
289,2039-05-01,915.9879944212272,4377.987994421227,200.52657959296437,715.4614148282628,3462.0,57619.543557670455,0.0
290,2039-06-01,915.9879944212272,4377.987994421227,198.06718097949218,717.920813441735,3462.0,56901.62274422872,0.0
291,2039-07-01,915.9879944212272,4377.987994421227,195.59932818328625,720.3886662379409,3462.0,56181.23407799078,0.0
292,2039-08-01,915.9879944212272,4377.987994421227,193.12299214309334,722.8650022781338,3462.0,55458.369075712646,0.0
293,2039-09-01,915.9879944212272,4377.987994421227,190.63814369776222,725.349850723465,3462.0,54733.019224989184,0.0
294,2039-10-01,915.9879944212272,4377.987994421227,188.1447535859003,727.8432408353269,3462.0,54005.17598415386,0.0
295,2039-11-01,915.9879944212272,4377.987994421227,185.6427924455289,730.3452019756983,3462.0,53274.830782178164,0.0
296,2039-12-01,915.9879944212272,4377.987994421227,183.13223081373746,732.8557636074897,3462.0,52541.97501857067,0.0
297,2040-01-01,915.9879944212272,4377.987994421227,180.6130391263367,735.3749552948905,3462.0,51806.60006327578,0.0
298,2040-02-01,915.9879944212272,4377.987994421227,178.0851877175105,737.9028067037167,3462.0,51068.697256572064,0.0
299,2040-03-01,915.9879944212272,4377.987994421227,175.54864681946648,740.4393476017607,3462.0,50328.25790897031,0.0
300,2040-04-01,915.9879944212272,4377.987994421227,173.00338656208544,742.9846078591418,3462.0,49585.27330111116,0.0
301,2040-05-01,915.9879944212272,4377.987994421227,170.44937697256964,745.5386174486575,3462.0,48839.73468366251,0.0
302,2040-06-01,915.9879944212272,4377.987994421227,167.8865879750899,748.1014064461373,3462.0,48091.63327721637,0.0
303,2040-07-01,915.9879944212272,4377.987994421227,165.3149893904313,750.6730050307959,3462.0,47340.96027218558,0.0
304,2040-08-01,915.9879944212272,4377.987994421227,162.73455093563794,753.2534434855893,3462.0,46587.706828699986,0.0
305,2040-09-01,915.9879944212272,4377.987994421227,160.1452422236562,755.842752197571,3462.0,45831.86407650242,0.0
306,2040-10-01,915.9879944212272,4377.987994421227,157.54703276297707,758.4409616582501,3462.0,45073.42311484417,0.0
307,2040-11-01,915.9879944212272,4377.987994421227,154.93989195727684,761.0481024639504,3462.0,44312.37501238022,0.0
308,2040-12-01,915.9879944212272,4377.987994421227,152.323789105057,763.6642053161702,3462.0,43548.710807064046,0.0
309,2041-01-01,915.9879944212272,4377.987994421227,149.69869339928266,766.2893010219445,3462.0,42782.421506042105,0.0
310,2041-02-01,915.9879944212272,4377.987994421227,147.06457392701975,768.9234204942074,3462.0,42013.4980855479,0.0
311,2041-03-01,915.9879944212272,4377.987994421227,144.42139966907092,771.5665947521563,3462.0,41241.931490795745,0.0
312,2041-04-01,915.9879944212272,4377.987994421227,141.7691394996104,774.2188549216169,3462.0,40467.71263587413,0.0
313,2041-05-01,915.9879944212272,4377.987994421227,139.10776218581734,776.8802322354098,3462.0,39690.83240363872,0.0
314,2041-06-01,915.9879944212272,4377.987994421227,136.4372363875081,779.5507580337191,3462.0,38911.281645605,0.0
315,2041-07-01,915.9879944212272,4377.987994421227,133.7575306567672,782.23046376446,3462.0,38129.051181840536,0.0
316,2041-08-01,915.9879944212272,4377.987994421227,131.06861343757683,784.9193809836504,3462.0,37344.131800856885,0.0
317,2041-09-01,915.9879944212272,4377.987994421227,128.37045306544556,787.6175413557817,3462.0,36556.514259501106,0.0
318,2041-10-01,915.9879944212272,4377.987994421227,125.66301776703506,790.3249766541921,3462.0,35766.18928284691,0.0
319,2041-11-01,915.9879944212272,4377.987994421227,122.94627565978628,793.041718761441,3462.0,34973.14756408547,0.0
320,2041-12-01,915.9879944212272,4377.987994421227,120.22019475154381,795.7677996696834,3462.0,34177.37976441579,0.0
321,2042-01-01,915.9879944212272,4377.987994421227,117.48474294017927,798.503251481048,3462.0,33378.876512934745,0.0
322,2042-02-01,915.9879944212272,4377.987994421227,114.73988801321319,801.248106408014,3462.0,32577.628406526732,0.0
323,2042-03-01,915.9879944212272,4377.987994421227,111.98559764743565,804.0023967737916,3462.0,31773.62600975294,0.0
324,2042-04-01,915.9879944212272,4377.987994421227,109.22183940852574,806.7661550127015,3462.0,30966.85985474024,0.0
325,2042-05-01,915.9879944212272,4377.987994421227,106.44858075066958,809.5394136705577,3462.0,30157.32044106968,0.0
326,2042-06-01,915.9879944212272,4377.987994421227,103.66578901617703,812.3222054050502,3462.0,29344.998235664632,0.0
327,2042-07-01,915.9879944212272,4377.987994421227,100.87343143509717,815.1145629861301,3462.0,28529.8836726785,0.0
328,2042-08-01,915.9879944212272,4377.987994421227,98.07147512483236,817.9165192963949,3462.0,27711.967153382106,0.0
329,2042-09-01,915.9879944212272,4377.987994421227,95.25988708975099,820.7281073314762,3462.0,26891.23904605063,0.0
330,2042-10-01,915.9879944212272,4377.987994421227,92.43863422079903,823.5493602004282,3462.0,26067.6896858502,0.0
331,2042-11-01,915.9879944212272,4377.987994421227,89.60768329511006,826.3803111261171,3462.0,25241.309374724082,0.0
332,2042-12-01,915.9879944212272,4377.987994421227,86.76700097561404,829.2209934456132,3462.0,24412.088381278467,0.0
333,2043-01-01,915.9879944212272,4377.987994421227,83.91655381064474,832.0714406105825,3462.0,23580.016940667883,0.0
334,2043-02-01,915.9879944212272,4377.987994421227,81.05630823354585,834.9316861876814,3462.0,22745.085254480204,0.0
335,2043-03-01,915.9879944212272,4377.987994421227,78.1862305622757,837.8017638589515,3462.0,21907.283490621252,0.0
336,2043-04-01,915.9879944212272,4377.987994421227,75.30628699901055,840.6817074222166,3462.0,21066.601783199036,0.0
337,2043-05-01,915.9879944212272,4377.987994421227,72.4164436297467,843.5715507914805,3462.0,20223.030232407556,0.0
338,2043-06-01,915.9879944212272,4377.987994421227,69.51666642390099,846.4713279973262,3462.0,19376.55890441023,0.0
339,2043-07-01,915.9879944212272,4377.987994421227,66.60692123391017,849.381073187317,3462.0,18527.177831222914,0.0
340,2043-08-01,915.9879944212272,4377.987994421227,63.68717379482877,852.3008206263984,3462.0,17674.877010596516,0.0
341,2043-09-01,915.9879944212272,4377.987994421227,60.75738972392552,855.2306046973017,3462.0,16819.646405899213,0.0
342,2043-10-01,915.9879944212272,4377.987994421227,57.81753452027855,858.1704599009487,3462.0,15961.475945998265,0.0
343,2043-11-01,915.9879944212272,4377.987994421227,54.867573564369046,861.1204208568581,3462.0,15100.355525141407,0.0
344,2043-12-01,915.9879944212272,4377.987994421227,51.90747211767359,864.0805223035536,3462.0,14236.275002837854,0.0
345,2044-01-01,915.9879944212272,4377.987994421227,48.93719532225512,867.0507990989721,3462.0,13369.224203738882,0.0
346,2044-02-01,915.9879944212272,4377.987994421227,45.95670820035241,870.0312862208748,3462.0,12499.192917518008,0.0
347,2044-03-01,915.9879944212272,4377.987994421227,42.96597565396815,873.022018767259,3462.0,11626.17089875075,0.0
348,2044-04-01,915.9879944212272,4377.987994421227,39.9649624644557,876.0230319567715,3462.0,10750.14786679398,0.0
349,2044-05-01,915.9879944212272,4377.987994421227,36.95363329210431,879.0343611291229,3462.0,9871.113505664856,0.0
350,2044-06-01,915.9879944212272,4377.987994421227,33.93195267572295,882.0560417455042,3462.0,8989.057463919353,0.0
351,2044-07-01,915.9879944212272,4377.987994421227,30.89988503222278,885.0881093890044,3462.0,8103.969354530348,0.0
352,2044-08-01,915.9879944212272,4377.987994421227,27.85739465619807,888.1305997650292,3462.0,7215.838754765319,0.0
353,2044-09-01,915.9879944212272,4377.987994421227,24.80444571950579,891.1835487017214,3462.0,6324.655206063598,0.0
354,2044-10-01,915.9879944212272,4377.987994421227,21.74100227084362,894.2469921503836,3462.0,5430.408213913214,0.0
355,2044-11-01,915.9879944212272,4377.987994421227,18.667028235326676,897.3209661859005,3462.0,4533.087247727313,0.0
356,2044-12-01,915.9879944212272,4377.987994421227,15.58248741406264,900.4055070071646,3462.0,3632.681740720149,0.0
357,2045-01-01,915.9879944212272,4377.987994421227,12.487343483725512,903.5006509375016,3462.0,2729.181089782647,0.0
358,2045-02-01,915.9879944212272,4377.987994421227,9.38155999612785,906.6064344250993,3462.0,1822.5746553575477,0.0
359,2045-03-01,915.9879944212272,4377.987994421227,6.26510037779157,909.7228940434356,3462.0,912.8517613141121,0.0
360,2045-04-01,915.9879944212272,4377.987994421227,3.1379279295172604,912.85006649171,3462.0,0.0016948224021007263,0.0
